{
  "LCDM": {
    "elapsed_sec": 54.77666701199996,
    "samples": 20000,
    "div_rate_pct": 0.0,
    "param_names": [
      "H0",
      "obh2",
      "och2"
    ],
    "posteriors": {
      "H0": {
        "mean": 68.95651245117188,
        "std": 1.3261698484420776,
        "median": 68.96138000488281,
        "p16": 67.64646911621094,
        "p84": 70.27790069580078
      },
      "obh2": {
        "mean": 0.022465581074357033,
        "std": 0.0014059286331757903,
        "median": 0.022467363625764847,
        "p16": 0.021076234057545662,
        "p84": 0.02386636845767498
      },
      "och2": {
        "mean": 0.11950168758630753,
        "std": 0.008720573037862778,
        "median": 0.11932216584682465,
        "p16": 0.11081106215715408,
        "p84": 0.1281452775001526
      }
    },
    "samples_path": "/home/remondiere/pc_calcs/c4_v5_lcdm_chain.npz"
  },
  "ECI_NMC_Cassini": {
    "elapsed_sec": 140.86249323599986,
    "samples": 20000,
    "div_rate_pct": 65.39999842643738,
    "param_names": [
      "H0",
      "obh2",
      "och2",
      "xi",
      "lambda"
    ],
    "posteriors": {
      "H0": {
        "mean": 64.04228210449219,
        "std": 2.9532630443573,
        "median": 63.99991989135742,
        "p16": 61.0262451171875,
        "p84": 67.17837524414062
      },
      "obh2": {
        "mean": 0.022437816485762596,
        "std": 0.0014130222843959928,
        "median": 0.022434212267398834,
        "p16": 0.02102717012166977,
        "p84": 0.023851649835705757
      },
      "och2": {
        "mean": 0.11201383918523788,
        "std": 0.009293217211961746,
        "median": 0.11162925511598587,
        "p16": 0.10281374305486679,
        "p84": 0.1212751641869545
      },
      "xi": {
        "mean": 0.0004407607193570584,
        "std": 0.013670163229107857,
        "median": 0.0006001671426929533,
        "p16": -0.015607730485498905,
        "p84": 0.016532402485609055
      },
      "lambda": {
        "mean": 1.2976475954055786,
        "std": 0.48794040083885193,
        "median": 1.354229211807251,
        "p16": 0.8139284253120422,
        "p84": 1.755903720855713
      }
    },
    "samples_path": "/home/remondiere/pc_calcs/c4_v5_eci_nmc_cassini_chain.npz"
  },
  "Wolf_NMC_free": {
    "elapsed_sec": 215.90167176100113,
    "samples": 20000,
    "div_rate_pct": 38.72999846935272,
    "param_names": [
      "H0",
      "obh2",
      "och2",
      "xi",
      "lambda"
    ],
    "posteriors": {
      "H0": {
        "mean": 64.53768157958984,
        "std": 3.0767247676849365,
        "median": 64.2629623413086,
        "p16": 61.5106086730957,
        "p84": 67.87334442138672
      },
      "obh2": {
        "mean": 0.022539129480719566,
        "std": 0.0013831703690811992,
        "median": 0.02259841188788414,
        "p16": 0.021149374544620514,
        "p84": 0.023862900212407112
      },
      "och2": {
        "mean": 0.11296596378087997,
        "std": 0.009208918549120426,
        "median": 0.11263972520828247,
        "p16": 0.1038290336728096,
        "p84": 0.12203411012887955
      },
      "xi": {
        "mean": -3.119675874710083,
        "std": 3.4757652282714844,
        "median": -2.589383363723755,
        "p16": -7.198548793792725,
        "p84": -0.10414665937423706
      },
      "lambda": {
        "mean": 0.582036554813385,
        "std": 0.3816289007663727,
        "median": 0.4784321188926697,
        "p16": 0.24672171473503113,
        "p84": 0.9728487133979797
      }
    },
    "samples_path": "/home/remondiere/pc_calcs/c4_v5_wolf_nmc_free_chain.npz"
  },
  "Karam_Palatini": {
    "elapsed_sec": 119.94441659299991,
    "samples": 20000,
    "div_rate_pct": 74.95999932289124,
    "param_names": [
      "H0",
      "obh2",
      "och2",
      "xi",
      "lambda",
      "xi_eff_factor"
    ],
    "posteriors": {
      "H0": {
        "mean": 64.3701400756836,
        "std": 2.8719241619110107,
        "median": 64.4714584350586,
        "p16": 61.390968322753906,
        "p84": 67.25059509277344
      },
      "obh2": {
        "mean": 0.0223703533411026,
        "std": 0.0013306648470461369,
        "median": 0.02238188311457634,
        "p16": 0.021083448082208633,
        "p84": 0.02368227019906044
      },
      "och2": {
        "mean": 0.11203868687152863,
        "std": 0.008686927147209644,
        "median": 0.11211654543876648,
        "p16": 0.1032075509428978,
        "p84": 0.12002614140510559
      },
      "xi": {
        "mean": -0.9141625165939331,
        "std": 4.871206283569336,
        "median": -0.9042229652404785,
        "p16": -6.479620456695557,
        "p84": 4.937981128692627
      },
      "lambda": {
        "mean": 1.1021554470062256,
        "std": 0.6769132018089294,
        "median": 0.9648298621177673,
        "p16": 0.4124089479446411,
        "p84": 1.8656316995620728
      },
      "xi_eff_factor": {
        "mean": 0.3080243766307831,
        "std": 0.2821171283721924,
        "median": 0.20874476432800293,
        "p16": 0.04148390144109726,
        "p84": 0.6583516597747803
      }
    },
    "samples_path": "/home/remondiere/pc_calcs/c4_v5_karam_palatini_chain.npz"
  },
  "DESI_w0wa": {
    "elapsed_sec": 121.84829975500179,
    "samples": 20000,
    "div_rate_pct": 45.02999782562256,
    "param_names": [
      "H0",
      "obh2",
      "och2",
      "w0",
      "wa"
    ],
    "posteriors": {
      "H0": {
        "mean": 64.63687133789062,
        "std": 2.5084047317504883,
        "median": 64.51363372802734,
        "p16": 62.20634841918945,
        "p84": 67.0788803100586
      },
      "obh2": {
        "mean": 0.022472387179732323,
        "std": 0.0013805810594931245,
        "median": 0.022473618388175964,
        "p16": 0.021100614219903946,
        "p84": 0.023853067308664322
      },
      "och2": {
        "mean": 0.12498357146978378,
        "std": 0.014390974305570126,
        "median": 0.12539589405059814,
        "p16": 0.11108135432004929,
        "p84": 0.1390785127878189
      },
      "w0": {
        "mean": -0.422544002532959,
        "std": 0.2257019579410553,
        "median": -0.3865773379802704,
        "p16": -0.6614918112754822,
        "p84": -0.19849231839179993
      },
      "wa": {
        "mean": -1.8770586252212524,
        "std": 0.8120419979095459,
        "median": -2.0312294960021973,
        "p16": -2.7025067806243896,
        "p84": -1.00930655002594
      }
    },
    "samples_path": "/home/remondiere/pc_calcs/c4_v5_desi_w0wa_chain.npz"
  }
}