{
  "version": "v6.0.53.1",
  "model": "LYD20 Model VI quarks + unified lepton",
  "n_params": 15,
  "n_obs": 10,
  "n_chains": 1,
  "n_warmup": 5000,
  "n_samples": 10000,
  "prior_near_i": true,
  "param_names": [
    "Re_tau_q",
    "Im_tau_q",
    "Re_tau_l",
    "Im_tau_l",
    "log_beta_u",
    "log_gamma_u",
    "log_beta_d",
    "log_gamma_d1",
    "gamma_d2_re",
    "gamma_d2_im",
    "log_beta_e",
    "log_gamma_e",
    "gCP_u",
    "gCP_d",
    "gCP_e"
  ],
  "obs_keys": [
    "m_u/m_c",
    "m_c/m_t",
    "m_d/m_s",
    "m_s/m_b",
    "m_e/m_mu",
    "m_mu/m_tau",
    "sin_12",
    "sin_13",
    "sin_23",
    "J_CP"
  ],
  "pdg_val": [
    0.00203999993391335,
    0.00267999991774559,
    0.05180000141263008,
    0.013100000098347664,
    0.00483600003644824,
    0.059459999203681946,
    0.22533999383449554,
    0.0036899999249726534,
    0.04182000085711479,
    3.0800001695752144e-05
  ],
  "pdg_sig": [
    9.999999747378752e-05,
    0.00013000000035390258,
    0.003000000026077032,
    0.0010000000474974513,
    1.9999999494757503e-05,
    0.0003000000142492354,
    0.000699999975040555,
    9.999999747378752e-05,
    0.0007999999797903001,
    1.500000053056283e-06
  ],
  "posterior": {
    "Re_tau_q": {
      "mean": -0.18371571600437164,
      "std": 2.3990437512111384e-06,
      "median": -0.18371331691741943,
      "q05": -0.18371331691741943,
      "q95": -0.18371331691741943
    },
    "Im_tau_q": {
      "mean": 0.993264377117157,
      "std": 0.0001295861875405535,
      "median": 0.9933939576148987,
      "q05": 0.9933939576148987,
      "q95": 0.9933939576148987
    },
    "Re_tau_l": {
      "mean": 0.0320158451795578,
      "std": 3.6619574075302808e-06,
      "median": 0.03201950713992119,
      "q05": 0.03201950713992119,
      "q95": 0.03201950713992119
    },
    "Im_tau_l": {
      "mean": 1.0052059888839722,
      "std": 3.850351276923902e-05,
      "median": 1.005244493484497,
      "q05": 1.005244493484497,
      "q95": 1.005244493484497
    },
    "log_beta_u": {
      "mean": 4.239414215087891,
      "std": 0.00011539110710145906,
      "median": 4.2392988204956055,
      "q05": 4.2392988204956055,
      "q95": 4.2392988204956055
    },
    "log_gamma_u": {
      "mean": 0.10847441107034683,
      "std": 5.595570655714255e-06,
      "median": 0.10848000645637512,
      "q05": 0.10848000645637512,
      "q95": 0.10848000645637512
    },
    "log_beta_d": {
      "mean": 2.3911354541778564,
      "std": 6.4849853515625e-05,
      "median": 2.391200304031372,
      "q05": 2.391200304031372,
      "q95": 2.391200304031372
    },
    "log_gamma_d1": {
      "mean": 2.283900737762451,
      "std": 0.00022412378166336566,
      "median": 2.2841248512268066,
      "q05": 2.2841248512268066,
      "q95": 2.2841248512268066
    },
    "gamma_d2_re": {
      "mean": -0.3518598973751068,
      "std": 7.867813110351562e-06,
      "median": -0.35186776518821716,
      "q05": -0.35186776518821716,
      "q95": -0.35186776518821716
    },
    "gamma_d2_im": {
      "mean": -0.632774829864502,
      "std": 6.532510451506823e-05,
      "median": -0.6327095031738281,
      "q05": -0.6327095031738281,
      "q95": -0.6327095031738281
    },
    "log_beta_e": {
      "mean": 1.8131626844406128,
      "std": 0.0001457978505641222,
      "median": 1.8130168914794922,
      "q05": 1.8130168914794922,
      "q95": 1.8130168914794922
    },
    "log_gamma_e": {
      "mean": -6.979531288146973,
      "std": 0.00019310976495034993,
      "median": -6.9793381690979,
      "q05": -6.9793381690979,
      "q95": -6.9793381690979
    },
    "gCP_u": {
      "mean": -1.1624362468719482,
      "std": 8.046985749388114e-05,
      "median": -1.162516713142395,
      "q05": -1.162516713142395,
      "q95": -1.162516713142395
    },
    "gCP_d": {
      "mean": -0.10938656330108643,
      "std": 9.961812793335412e-06,
      "median": -0.10939652472734451,
      "q05": -0.10939652472734451,
      "q95": -0.10939652472734451
    },
    "gCP_e": {
      "mean": -0.6230142712593079,
      "std": 5.799569407827221e-05,
      "median": -0.6229562759399414,
      "q05": -0.6229562759399414,
      "q95": -0.6229562759399414
    }
  },
  "derived": {
    "|tau_l - i|": {
      "mean": 0.03244616463780403,
      "std": 0.0,
      "median": 0.03244616463780403
    },
    "|tau_q - i|": {
      "mean": 0.183832049369812,
      "std": 0.0,
      "median": 0.183832049369812
    },
    "|tau_l - tau_q|": {
      "mean": 0.21605806052684784,
      "std": 0.0,
      "median": 0.21605806052684784
    }
  },
  "chi2_min": 5335617.0,
  "chi2_median": 5335617.0,
  "dof": -5,
  "P(|tau_l-i|<0.3)": 1.0,
  "P(|tau_q-i|<0.3)": 1.0,
  "P(|tau_l-tau_q|<0.1)": 0.0,
  "n_divergences": 0,
  "verdict": "[TWO-TAU REFUTED \u2014 \u03c7\u00b2_min=5335617.0 > 50]"
}