{
  "mcmc": {
    "chain_prefix": "/home/remondiere/crossed-cosmos/mcmc/chains/eci_v50_run1/eci",
    "n_samples_post_burnin": 13790,
    "burn_in_fraction": 0.3,
    "R_minus_1_final": 0.036134,
    "acceptance_final": 0.340687,
    "N_steps_final": 19700.0
  },
  "params": {
    "H0": {
      "latex": "H_0",
      "mean": 67.67478556790843,
      "median": 67.7836765,
      "sigma1_lo": 65.028512,
      "sigma1_hi": 70.279089,
      "sigma2_lo": 62.63035674583333,
      "sigma2_hi": 72.37798745,
      "MAP": 65.715803,
      "ESS": 371.1745037545958
    },
    "omega_b": {
      "latex": "\\Omega_\\mathrm{b} h^2",
      "mean": 0.02230658955673103,
      "median": 0.022631801,
      "sigma1_lo": 0.019012317,
      "sigma1_hi": 0.025272265245714284,
      "sigma2_lo": 0.017320083975,
      "sigma2_hi": 0.026796229472916665,
      "MAP": 0.020591442,
      "ESS": 364.05220853731316
    },
    "omega_cdm": {
      "latex": "\\Omega_\\mathrm{c} h^2",
      "mean": 0.1200564130442411,
      "median": 0.1193230075,
      "sigma1_lo": 0.10895596,
      "sigma1_hi": 0.13161526,
      "sigma2_lo": 0.0985616554625,
      "sigma2_hi": 0.14295518,
      "MAP": 0.11127179,
      "ESS": 340.70375648669744
    },
    "n_s": {
      "latex": "n_\\mathrm{s}",
      "mean": 0.9704222707241779,
      "median": 0.965553025,
      "sigma1_lo": 0.9213182,
      "sigma1_hi": 1.0225135773333334,
      "sigma2_lo": 0.90306288,
      "sigma2_hi": 1.0460833,
      "MAP": 1.0404096,
      "ESS": 281.73789983042167
    },
    "logA": {
      "latex": "\\log(10^{10} A_\\mathrm{s})",
      "mean": 3.0038928302227657,
      "median": 2.990868,
      "sigma1_lo": 2.6970496,
      "sigma1_hi": 3.3336881,
      "sigma2_lo": 2.5459497512500002,
      "sigma2_hi": 3.4780015,
      "MAP": 2.6292798,
      "ESS": 375.8679085708494
    },
    "w0_fld": {
      "latex": "w_0",
      "mean": -0.8648844623071922,
      "median": -0.8691563025,
      "sigma1_lo": -0.919382696,
      "sigma1_hi": -0.81004735,
      "sigma2_lo": -0.96221032,
      "sigma2_hi": -0.7461064013750003,
      "MAP": -0.88094305,
      "ESS": 568.9647043536554
    },
    "wa_fld": {
      "latex": "w_a",
      "mean": -0.45404769039826326,
      "median": -0.39989849,
      "sigma1_lo": -0.761051856,
      "sigma1_hi": -0.1240965,
      "sigma2_lo": -1.2472626,
      "sigma2_hi": -0.022891336,
      "MAP": -0.27212119,
      "ESS": 382.90755211878246
    },
    "xi_chi": {
      "latex": "\\xi_\\chi",
      "mean": 0.001341481646477283,
      "median": 0.0028936197999999986,
      "sigma1_lo": -0.067431453,
      "sigma1_hi": 0.06827605147999999,
      "sigma2_lo": -0.09444233315,
      "sigma2_hi": 0.09478964042187499,
      "MAP": 0.014041794,
      "ESS": 1645.7590042670568
    },
    "chi_initial": {
      "latex": "\\chi_0",
      "mean": 0.12375122315247837,
      "median": 0.12278368499999999,
      "sigma1_lo": 0.07338840936800001,
      "sigma1_hi": 0.17425685259999998,
      "sigma2_lo": 0.053662289955,
      "sigma2_hi": 0.19649621850000004,
      "MAP": 0.075475382,
      "ESS": 1679.02803829164
    }
  },
  "bestfit": {
    "index": 5111,
    "minuslogpost": 696.5748,
    "chi2_BAO": 8.6368912,
    "chi2_SN": 1402.6819,
    "chi2_total": 1411.3187912
  },
  "lcdm_like_proxy": {
    "definition": "min chi2 among samples with |xi_chi|<0.005",
    "chi2_total": 1411.3575662,
    "delta_chi2_ECI_minus_LCDM": -0.0387749999999869
  },
  "bayes_factor_savage_dickey": {
    "prior_density_at_zero": 5.0,
    "posterior_density_at_zero": 4.983759440380875,
    "BF_xi_eq_0_vs_xi_ne_0": 0.996751888076175,
    "BF_xi_ne_0_vs_xi_eq_0": 1.0032586965348962,
    "ln_BF_null_over_alt": -0.0032533984900363216,
    "interpretation": "Savage\u2013Dickey BF(M0/M1) = p(0|D)/\u03c0(0). BF>1 favours \u039bCDM-like (\u03be=0); BF<1 favours ECI (\u03be\u22600). Jeffreys: |ln BF|<1 inconclusive, 1\u20133 moderate, >3 strong."
  },
  "wolf2025_comparison": {
    "bound_xi_chi_over_MP_squared": 6e-06,
    "median_value": 4.362372974468516e-05,
    "envelope_95pct": 0.0036599004250540863,
    "note": "Wolf+2025 Cassini/DESI joint PPN bound. \u03c7_0 here is the cosmological thawing-excursion scale, not the solar-system local \u03c7; the two coincide in the unscreened case used here."
  }
}