{
  "task": "G1.12 SU(5) 5_H+45_H threshold scan",
  "timestamp": "2026-05-05 09:08:42 CEST",
  "elapsed_seconds": 0.02307891845703125,
  "physics": {
    "M_GUT_GeV": 2e+16,
    "H3_ratio_GUT": 0.0027247,
    "WZ_target_ratio_GUT": 0.003256,
    "frac_target": 0.19499394428744454,
    "frac_target_pct": 19.499394428744456,
    "formula": "dr/r = 8 (xi*eta)^2 L_45 - 4 (xi*eta) L_5",
    "GJ_factor_squared_diff": "9 - 1 = 8 (always positive)"
  },
  "scan": {
    "M_T5_fixed_GeV": 1e+16,
    "log10_M_T45_grid": [
      12.0,
      12.1,
      12.2,
      12.3,
      12.4,
      12.5,
      12.6,
      12.7,
      12.8,
      12.9,
      13.0,
      13.1,
      13.2,
      13.3,
      13.4,
      13.5,
      13.6,
      13.7,
      13.8,
      13.9,
      14.0,
      14.1,
      14.2,
      14.3,
      14.4,
      14.5,
      14.6,
      14.7,
      14.8,
      14.9,
      15.0
    ],
    "xi_grid": [
      0.05,
      0.14833333333333334,
      0.2466666666666667,
      0.34500000000000003,
      0.44333333333333336,
      0.5416666666666667,
      0.6400000000000001,
      0.7383333333333334,
      0.8366666666666668,
      0.9350000000000002,
      1.0333333333333334,
      1.1316666666666668,
      1.2300000000000002,
      1.3283333333333336,
      1.4266666666666667,
      1.5250000000000001,
      1.6233333333333335,
      1.721666666666667,
      1.8200000000000003,
      1.9183333333333334,
      2.0166666666666666,
      2.115,
      2.2133333333333334,
      2.3116666666666665,
      2.41,
      2.5083333333333333,
      2.606666666666667,
      2.705,
      2.8033333333333332,
      2.901666666666667,
      3.0
    ],
    "eta_grid": [
      0.05,
      0.14833333333333334,
      0.2466666666666667,
      0.34500000000000003,
      0.44333333333333336,
      0.5416666666666667,
      0.6400000000000001,
      0.7383333333333334,
      0.8366666666666668,
      0.9350000000000002,
      1.0333333333333334,
      1.1316666666666668,
      1.2300000000000002,
      1.3283333333333336,
      1.4266666666666667,
      1.5250000000000001,
      1.6233333333333335,
      1.721666666666667,
      1.8200000000000003,
      1.9183333333333334,
      2.0166666666666666,
      2.115,
      2.2133333333333334,
      2.3116666666666665,
      2.41,
      2.5083333333333333,
      2.606666666666667,
      2.705,
      2.8033333333333332,
      2.901666666666667,
      3.0
    ],
    "n_points_total": 29791,
    "n_points_viable_spec": 28148,
    "n_points_natural": 2077
  },
  "verdict": "OPEN",
  "verdict_reason": "max dr/r over spec-viable region = 8096.2% >= 19% target",
  "verdict_natural_region": "OPEN_NATURAL",
  "dr_max_spec_viable": 80.96204234434259,
  "dr_max_natural": 0.7361945229471479,
  "best_point_closest_to_target": {
    "M_T45": 316227766016837.94,
    "log10_M_T45": 14.5,
    "xi": 0.6400000000000001,
    "eta": 1.1316666666666668,
    "xi_times_eta": 0.724266666666667,
    "dr_over_r": 0.1949785122383032,
    "dr_over_r_pct": 19.49785122383032,
    "closure_pct": 99.99208588287306
  },
  "best_point_max_in_natural_region": {
    "M_T45": 1000000000000.0,
    "log10_M_T45": 12.0,
    "xi": 0.9350000000000002,
    "eta": 0.9350000000000002,
    "xi_times_eta": 0.8742250000000003,
    "dr_over_r": 0.7361945229471479,
    "dr_over_r_pct": 73.61945229471479,
    "closure_pct": 377.5473775031232
  },
  "n_target_hits_natural": 292,
  "first_5_target_hits_natural": [
    {
      "M_T45": 1000000000000.0,
      "xi": 0.5416666666666667,
      "eta": 0.9350000000000002,
      "dr_over_r": 0.2395962196714629
    },
    {
      "M_T45": 1000000000000.0,
      "xi": 0.6400000000000001,
      "eta": 0.7383333333333334,
      "dr_over_r": 0.2074611916234838
    },
    {
      "M_T45": 1000000000000.0,
      "xi": 0.6400000000000001,
      "eta": 0.8366666666666668,
      "dr_over_r": 0.2689058557909929
    },
    {
      "M_T45": 1000000000000.0,
      "xi": 0.6400000000000001,
      "eta": 0.9350000000000002,
      "dr_over_r": 0.3382989229992045
    },
    {
      "M_T45": 1000000000000.0,
      "xi": 0.7383333333333334,
      "eta": 0.6400000000000001,
      "dr_over_r": 0.2074611916234838
    }
  ],
  "outputs": {
    "heatmap": "/home/remondiere/pc_calcs/g112_outputs/g112_dr_heatmap.png",
    "marginal_vs_MT45": "/home/remondiere/pc_calcs/g112_outputs/g112_dr_vs_MT45.png"
  },
  "sources": {
    "Patel-Shukla 2023": "arXiv:2310.16563  PRD 109 015007 [LIVE-VERIFIED 2026-05-04]",
    "Antusch-Spinrath 2008": "arXiv:0804.0717  PRD 78 075020 [LIVE-VERIFIED 2026-05-04]",
    "Wang-Zhang 2025": "arXiv:2510.01312 [LIVE-VERIFIED 2026-05-04]",
    "Georgi-Jarlskog 1979": "PLB 86 297 [TRAINING-KNOWLEDGE - textbook standard]"
  }
}