{
  "verdict": "CONVERGED",
  "r_hat": {
    "H0": 1.0000876188278198,
    "chi0_over_MP": 0.9999879002571106,
    "lambda_chi": 1.0000638961791992,
    "log10As_e10": 0.9999702572822571,
    "n_s": 0.9999969005584717,
    "omega_b": 1.000070333480835,
    "omega_c": 0.9999092221260071,
    "tau_reio": 1.0000079870224,
    "xi_chi": 0.9999671578407288
  },
  "r_hat_max": 1.0000876188278198,
  "ess": {
    "H0": 33551.783901698254,
    "chi0_over_MP": 38156.202738786546,
    "lambda_chi": 30682.52280380245,
    "log10As_e10": 33740.62551016381,
    "n_s": 33346.05067468178,
    "omega_b": 33093.5932263978,
    "omega_c": 33452.07239790592,
    "tau_reio": 32632.326499892555,
    "xi_chi": 37099.73242098503
  },
  "ess_min": 30682.52280380245,
  "posteriors": {
    "H0": {
      "median": 68.51425170898438,
      "mean": 68.51510620117188,
      "std": 0.13864463567733765,
      "p16": 68.37763214111328,
      "p84": 68.65299224853516
    },
    "chi0_over_MP": {
      "median": 0.005463962443172932,
      "mean": 0.00565379811450839,
      "std": 0.0006339639658108354,
      "p16": 0.005120525136590004,
      "p84": 0.006192364264279604
    },
    "lambda_chi": {
      "median": 3.2742133140563965,
      "mean": 3.2743732929229736,
      "std": 0.018687987700104713,
      "p16": 3.2556746006011963,
      "p84": 3.2929470539093018
    },
    "log10As_e10": {
      "median": 3.0437803268432617,
      "mean": 3.0438315868377686,
      "std": 0.014024883508682251,
      "p16": 3.0299880504608154,
      "p84": 3.0577352046966553
    },
    "n_s": {
      "median": 0.96492600440979,
      "mean": 0.9649198651313782,
      "std": 0.004190666135400534,
      "p16": 0.9607272148132324,
      "p84": 0.9690970182418823
    },
    "omega_b": {
      "median": 0.024433039128780365,
      "mean": 0.024432307109236717,
      "std": 0.00012795586371794343,
      "p16": 0.0243056733161211,
      "p84": 0.024560658261179924
    },
    "omega_c": {
      "median": 0.11898644268512726,
      "mean": 0.11898574233055115,
      "std": 0.00018664247181732208,
      "p16": 0.11880005896091461,
      "p84": 0.11917129904031754
    },
    "tau_reio": {
      "median": 0.05406641587615013,
      "mean": 0.05405981466174126,
      "std": 0.006970779504626989,
      "p16": 0.04711916670203209,
      "p84": 0.06103746220469475
    },
    "xi_chi": {
      "median": -0.02398761361837387,
      "mean": -0.023982111364603043,
      "std": 1.7964484868571162e-05,
      "p16": -0.02399682253599167,
      "p84": -0.02396729774773121
    }
  },
  "run_config": {
    "model": "eci_cassini_cpl_model",
    "n_chains": 4,
    "n_warmup": 4000,
    "n_samples": 8000,
    "chain_method": "parallel",
    "elapsed_sec": 1133.5466316860038
  },
  "meta": {
    "jax_version": "0.10.0",
    "jax_devices": [
      "cuda:0"
    ],
    "emulator_dir": "/home/remondiere/pc_calcs/cosmopower_nmc_emulator",
    "_data_note": "[TBD: confirm real vs synthetic data used]"
  }
}