{
  "source": "arXiv:2503.14738v3, Eq. (28) and pivot zp=0.31",
  "primary_dataset": "DESI+CMB+DESY5",
  "w0": -0.752,
  "wa": -0.86,
  "sigma_w0": 0.057,
  "sigma_wa": 0.215,
  "zp": 0.31,
  "wp_quoted": -0.954,
  "sigma_wp_quoted": 0.024,
  "rho_reconstructed": -0.8925940806214009,
  "sigma_wp_predicted": 0.025699087488110877,
  "d_mahalanobis_to_LambdaCDM": 4.358534498233214,
  "d_mahalanobis_min_to_SS_line": 3.329644077928823,
  "d_mahalanobis_min_to_ECI_band": 3.287821003853013,
  "sigma_threshold_1sigma_2dof": 1.51657508881031,
  "sigma_threshold_2sigma_2dof": 2.483948469674844,
  "verdict": "ECI band OUTSIDE DR2 2sigma contour",
  "d_mahalanobis_old_approx": 0.7907772568889161
}