{
  "alpha": 0.55,
  "xi_vals": [
    -0.024,
    -0.01,
    0.0,
    0.01,
    0.024
  ],
  "chi0_vals": [
    0.05,
    0.1,
    0.2
  ],
  "OmegaL_targets": [
    0.5,
    0.6,
    0.7,
    0.8
  ],
  "A_num": {
    "0.5": 2.556815252149307,
    "0.6": 1.9104162060264123,
    "0.7": 1.3375877542144605,
    "0.8": 0.8054492796411091
  },
  "B_num": {
    "0.5": 9.004000753514308,
    "0.6": 9.181996348753037,
    "0.7": 9.048857359455129,
    "0.8": 8.10665726488284
  },
  "B_sigma": {
    "0.5": 1.0448480095057389,
    "0.6": 1.1584314153108688,
    "0.7": 1.1746884279288872,
    "0.8": 1.158037258228155
  },
  "B_analytic": {
    "0.5": 10.854185060764966,
    "0.6": 8.960476177822994,
    "0.7": 7.297707402556871,
    "0.8": 5.681126648825918
  },
  "band_half": {
    "0.5": 0.006833556104394612,
    "0.6": 0.006968645263058244,
    "0.7": 0.006867599874685243,
    "0.8": 0.006152520280171368
  },
  "xi_max": 0.024,
  "chi_fid": 0.1,
  "w_loc_ref": -0.9,
  "sigma_wa_DR3": 0.07,
  "sigma_wa_LSST": 0.05,
  "sweet_spot_OmegaL": 0.6,
  "sweet_spot_ratio": 0.09955207518654634,
  "n_branches": 15,
  "runtime_s": 0.7038547992706299
}