{
  "alpha": 0.55,
  "xi_vals": [
    -0.024,
    -0.01,
    0.0,
    0.01,
    0.024
  ],
  "chi0_vals": [
    0.05,
    0.1,
    0.2
  ],
  "OmegaL_targets": [
    0.5,
    0.6,
    0.7,
    0.8
  ],
  "A_num": {
    "0.5": 2.556815252149307,
    "0.6": 1.9104162060264123,
    "0.7": 1.3375877542144605,
    "0.8": 0.8054492796411091
  },
  "B_num": {
    "0.5": 9.004000754093402,
    "0.6": 9.181996340161415,
    "0.7": 9.048857367457195,
    "0.8": 8.106657310150759
  },
  "B_sigma": {
    "0.5": 1.0448480100089381,
    "0.6": 1.158431404089138,
    "0.7": 1.174688453917217,
    "0.8": 1.1580372968855281
  },
  "B_analytic": {
    "0.5": 10.854185060764966,
    "0.6": 8.960476177822994,
    "0.7": 7.297707402556871,
    "0.8": 5.681126648825918
  },
  "band_half": {
    "0.5": 0.006833556104834113,
    "0.6": 0.006968645256537662,
    "0.7": 0.006867599880758385,
    "0.8": 0.0061525203145273025
  },
  "xi_max": 0.024,
  "chi_fid": 0.1,
  "w_loc_ref": -0.9,
  "sigma_wa_DR3": 0.07,
  "sigma_wa_LSST": 0.05,
  "sweet_spot_OmegaL": 0.6,
  "sweet_spot_ratio": 0.09955207509339516,
  "n_branches": 15,
  "runtime_s": 0.6177334785461426
}