{
  "action_convention": "L = (M_P^2 - xi chi^2)/2 \u00b7 R - 1/2 (\u2202\u03c7)^2 - V(\u03c7)",
  "reference": "BEFPS00 (gr-qc/0001066), Eq. 7 + Eqs. 16-22 sub-horizon QS",
  "xi_Cassini": 0.024,
  "chi0": 0.1,
  "alpha": 0.55,
  "V0": 2.3779381037590923,
  "Geff_over_GN_series_in_x": "1 + x + O(x^2),  x = \u03be \u03c7\u00b2/M_P\u00b2",
  "eta_series_in_x": "1 + O(x^2)  [first correction O(\u03be^2)]",
  "Geff_over_GN_at_a": {
    "0.3": {
      "xi=0": 1.0,
      "xi=+cassini": 1.0001901702336595,
      "xi=-cassini": 0.9995927130394849
    },
    "0.5": {
      "xi=0": 1.0,
      "xi=+cassini": 1.0003089566668855,
      "xi=-cassini": 0.9993961751179494
    },
    "0.7": {
      "xi=0": 1.0,
      "xi=+cassini": 1.0005998443068338,
      "xi=-cassini": 0.9989904197910479
    },
    "1.0": {
      "xi=0": 1.0,
      "xi=+cassini": 1.0014577778306142,
      "xi=-cassini": 0.9979043750015479
    }
  },
  "eta_at_a": {
    "0.3": {
      "xi=0": 1.0,
      "xi=+cassini": 0.9999825805567476,
      "xi=-cassini": 0.9999589334326004
    },
    "0.5": {
      "xi=0": 1.0,
      "xi=+cassini": 0.9999717005548333,
      "xi=-cassini": 0.9999391197369407
    },
    "0.7": {
      "xi=0": 1.0,
      "xi=+cassini": 0.9999450597003344,
      "xi=-cassini": 0.9998982205404339
    },
    "1.0": {
      "xi=0": 1.0,
      "xi=+cassini": 0.9998665060306082,
      "xi=-cassini": 0.9997887925424263
    }
  },
  "fsigma8": {
    "0.1": {
      "fs8_0": 0.43746655448313626,
      "fs8_pos": 0.4359971713760247,
      "fs8_neg": 0.43923668731002435,
      "delta_pct_pos": -0.3358846732517996,
      "delta_pct_neg": 0.40463272191847743
    },
    "0.5": {
      "fs8_0": 0.4660281755576981,
      "fs8_pos": 0.46527003066042877,
      "fs8_neg": 0.4669083740186435,
      "delta_pct_pos": -0.1626822018565841,
      "delta_pct_neg": 0.18887237019350903
    },
    "1.0": {
      "fs8_0": 0.4298284579491459,
      "fs8_pos": 0.4297698785291559,
      "fs8_neg": 0.4298753389433894,
      "delta_pct_pos": -0.013628557836665264,
      "delta_pct_neg": 0.01090690794815611
    }
  },
  "detectable_EuclidLSST_Y10": false,
  "runtime_s": 0.9901797771453857
}