{
  "inputs": {
    "rho_solar_g_per_cm3": 10.0,
    "rho_cluster_g_per_cm3": 1e-27,
    "rho_cosmic_g_per_cm3": 1e-29,
    "Theta_R1_ceiling": 0.001,
    "Theta_R2_floor": 0.99
  },
  "minimum_profile": {
    "alpha_min": 0.0945718789513235,
    "rho_c_min_g_per_cm3": 1.33314752866717e-08,
    "rho_c_from_R1": 1.33314752866717e-08,
    "rho_c_from_R2": 1.3331475286671574e-08
  },
  "derived": {
    "Theta_solar_at_min": 0.0009999999999999994,
    "Theta_cluster_at_min": 0.9845845851667385,
    "Theta_cosmic_at_min": 0.99
  },
  "khoury_weltman_2004": {
    "alpha_band": [
      0.125,
      0.333
    ],
    "compatible_with_min": true,
    "ref": "astro-ph/0309300 (n\u2208[1,6] \u2192 \u03b1_eff\u22481/(n+2))"
  },
  "numerical_scan_min": {
    "alpha": 0.18316546762589928,
    "rho_c": 8.103559011729894e-19
  }
}