{
  "fiducial": {
    "w0": -0.75,
    "wa": -0.86,
    "Omega_L": 0.7,
    "xi": 0.0
  },
  "B_num_07": 9.048857367457195,
  "chi0_ref": 0.1,
  "sigma_Omega_L_prior": 0.006,
  "sigma_w0_wa": {
    "DR2": {
      "sig_w0": 0.057,
      "sig_wa": 0.215,
      "rho": -0.8900000000000001
    },
    "DR3": {
      "sig_w0": 0.018558139534883722,
      "sig_wa": 0.07,
      "rho": -0.89
    },
    "LSST Y10": {
      "sig_w0": 0.013255813953488373,
      "sig_wa": 0.05,
      "rho": -0.89
    },
    "DR3 + LSST": {
      "sig_w0": 0.010786699502042765,
      "sig_wa": 0.04068667356033675,
      "rho": -0.8900000000000001
    }
  },
  "sigma_xi_chi0_ref": {
    "DR2": 0.47519811898729675,
    "DR3": 0.1547156666470268,
    "LSST Y10": 0.11051119046216201,
    "DR3 + LSST": 0.0899266546219637
  },
  "sigma_xi_chi0_scan": {
    "DR2": {
      "0.04": 1.1879952974682417,
      "0.043559322033898305": 1.09092175176072,
      "0.04711864406779661": 1.008513993534191,
      "0.050677966101694914": 0.9376819070317893,
      "0.05423728813559322": 0.8761465318828282,
      "0.05779661016949153": 0.8221902938489879,
      "0.061355932203389835": 0.7744941718301248,
      "0.06491525423728814": 0.7320284339490989,
      "0.06847457627118644": 0.6939774509962997,
      "0.07203389830508475": 0.6596868004764822,
      "0.07559322033898305": 0.6286253143553926,
      "0.07915254237288136": 0.6003573666006532,
      "0.08271186440677966": 0.5745223159887397,
      "0.08627118644067797": 0.550819037725943,
      "0.08983050847457627": 0.5289941324575567,
      "0.09338983050847458": 0.5088328315834938,
      "0.09694915254237288": 0.4901519059484355,
      "0.10050847457627118": 0.47279408128584327,
      "0.10406779661016949": 0.45662359967834704,
      "0.10762711864406779": 0.4415226617362284,
      "0.1111864406779661": 0.42738855213796506,
      "0.1147457627118644": 0.4141313001514107,
      "0.1183050847457627": 0.4016717624677723,
      "0.12186440677966101": 0.3899400420062659,
      "0.12542372881355932": 0.37887417594933137,
      "0.12898305084745762": 0.3684190410019778,
      "0.13254237288135592": 0.35852543504156675,
      "0.13610169491525423": 0.34914930286737883,
      "0.13966101694915253": 0.3402510803428458,
      "0.14322033898305084": 0.3317951363343255,
      "0.14677966101694914": 0.32374929584584894,
      "0.15033898305084745": 0.316084430893467,
      "0.15389830508474575": 0.30877410815253853,
      "0.15745762711864406": 0.3017942843945156,
      "0.16101694915254236": 0.29512304231842656,
      "0.16457627118644066": 0.2887403606616944,
      "0.168135593220339": 0.2826279135105898,
      "0.1716949152542373": 0.2767688945730553,
      "0.1752542372881356": 0.27114786286509196,
      "0.1788135593220339": 0.26575060682701895,
      "0.18237288135593221": 0.2605640243517706,
      "0.18593220338983052": 0.25557601659298546,
      "0.18949152542372882": 0.25077539374106,
      "0.19305084745762713": 0.24615179122256808,
      "0.19661016949152543": 0.24169559500215967,
      "0.20016949152542374": 0.23739787485394165,
      "0.20372881355932204": 0.2332503246277081,
      "0.20728813559322035": 0.22924520866926007,
      "0.21084745762711865": 0.22537531366760868,
      "0.21440677966101696": 0.22163390529842292,
      "0.21796610169491526": 0.21801468911547825,
      "0.22152542372881356": 0.21451177521232206,
      "0.22508474576271187": 0.2111196462368261,
      "0.22864406779661017": 0.20783312839325796,
      "0.23220338983050848": 0.20464736511131748,
      "0.23576271186440678": 0.2015577931002911,
      "0.2393220338983051": 0.19856012054001773,
      "0.2428813559322034": 0.1956503071894662,
      "0.2464406779661017": 0.19282454621905437,
      "0.25": 0.1900792475949187
    },
    "DR3": {
      "0.04": 0.386789166617567,
      "0.043559322033898305": 0.355183826154653,
      "0.04711864406779661": 0.32835339324369,
      "0.050677966101694914": 0.30529178368476867,
      "0.05423728813559322": 0.28525701038045564,
      "0.05779661016949153": 0.267689863113624,
      "0.061355932203389835": 0.2521608931539938,
      "0.06491525423728814": 0.23833483896017182,
      "0.06847457627118644": 0.2259461468360045,
      "0.07203389830508475": 0.214781748992343,
      "0.07559322033898305": 0.20466870699943013,
      "0.07915254237288136": 0.19546518912579403,
      "0.08271186440677966": 0.1870537772986595,
      "0.08627118644067797": 0.17933643088751633,
      "0.08983050847457627": 0.17223064777687894,
      "0.09338983050847458": 0.1656665033062537,
      "0.09694915254237288": 0.1595843414715836,
      "0.10050847457627118": 0.1539329566977164,
      "0.10406779661016949": 0.148668148732485,
      "0.10762711864406779": 0.14375156428621388,
      "0.1111864406779661": 0.1391497611611979,
      "0.1147457627118644": 0.13483344656092439,
      "0.1183050847457627": 0.13077685289648394,
      "0.12186440677966101": 0.12695722297878415,
      "0.12542372881355932": 0.12335438286722408,
      "0.12898305084745762": 0.1199503854425043,
      "0.13254237288135592": 0.11672921140888214,
      "0.13610169491525423": 0.11367651721263491,
      "0.13966101694915253": 0.11077942150697312,
      "0.14322033898305084": 0.10802632345768742,
      "0.14677966101694914": 0.10540674748469499,
      "0.15033898305084745": 0.10291121005833805,
      "0.15389830508474575": 0.10053110497989624,
      "0.15745762711864406": 0.09825860422147017,
      "0.16101694915254236": 0.09608657191762723,
      "0.16457627118644066": 0.0940084895177609,
      "0.168135593220339": 0.09201839044530831,
      "0.1716949152542373": 0.09011080288425057,
      "0.1752542372881356": 0.0882806995374718,
      "0.1788135593220339": 0.08652345338554104,
      "0.18237288135593221": 0.08483479862615782,
      "0.18593220338983052": 0.08321079610004176,
      "0.18949152542372882": 0.08164780261336838,
      "0.19305084745762713": 0.08014244365385939,
      "0.19661016949152543": 0.07869158907047054,
      "0.20016949152542374": 0.07729233134779491,
      "0.20372881355932204": 0.07594196615785839,
      "0.20728813559322035": 0.074637974915573,
      "0.21084745762711865": 0.07337800910108186,
      "0.21440677966101696": 0.0721598761436726,
      "0.21796610169491526": 0.07098152668876039,
      "0.22152542372881356": 0.06984104309238395,
      "0.22508474576271187": 0.06873662900733872,
      "0.22864406779661017": 0.06766659994199097,
      "0.23220338983050848": 0.0666293746874057,
      "0.23576271186440678": 0.06562346752102503,
      "0.2393220338983051": 0.06464748110605233,
      "0.2428813559322034": 0.06370010001517502,
      "0.2464406779661017": 0.06278008481550607,
      "0.25": 0.0618862666588107
    },
    "DR3 + LSST": {
      "0.04": 0.22481663655490933,
      "0.043559322033898305": 0.20644640555236807,
      "0.04711864406779661": 0.19085153319049858,
      "0.050677966101694914": 0.17744724490621605,
      "0.05423728813559322": 0.16580226945924556,
      "0.05779661016949153": 0.15559157251307507,
      "0.061355932203389835": 0.14656554206342157,
      "0.06491525423728814": 0.13852931129754203,
      "0.06847457627118644": 0.13132853026474897,
      "0.07203389830508475": 0.12483935582813789,
      "0.07559322033898305": 0.1189612695671717,
      "0.07915254237288136": 0.11361183346243811,
      "0.08271186440677966": 0.10872279964540693,
      "0.08627118644067797": 0.10423718315708957,
      "0.08983050847457627": 0.10010703061690301,
      "0.09338983050847458": 0.0962916991414857,
      "0.09694915254237288": 0.09275651438279475,
      "0.10050847457627118": 0.08947171370482059,
      "0.10406779661016949": 0.08641160623283159,
      "0.10762711864406779": 0.08355389957001357,
      "0.1111864406779661": 0.08087915583377837,
      "0.1147457627118644": 0.078370348931992,
      "0.1183050847457627": 0.07601250175782033,
      "0.12186440677966101": 0.0737923869637811,
      "0.12542372881355932": 0.07169827868507919,