{
  "fiducial": {
    "eps0": 0.02,
    "alpha": 0.095,
    "gamma": 1.0
  },
  "SN_thetaA": {
    "DR3": 0.2937363349217192,
    "DR3+LSST": 0.4120172048195432,
    "DR3+Euclid": 0.36280850579655166,
    "DR3+LSST+Euclid": 0.4637964580420936
  },
  "SN_thetaB": {
    "DR3": 0.29436908029929326,
    "DR3+LSST": 0.4136946325894402,
    "DR3+Euclid": 0.36339540210707005,
    "DR3+LSST+Euclid": 0.4653453683766706
  },
  "eps_min_1sigma": {
    "DR3": 0.06808827380967358,
    "DR3+LSST": 0.04854166225597222,
    "DR3+Euclid": 0.05512549921091208,
    "DR3+LSST+Euclid": 0.043122364677879506
  },
  "eps_min_0p5sigma": {
    "DR3": 0.03404413690483679,
    "DR3+LSST": 0.02427083112798611,
    "DR3+Euclid": 0.02756274960545604,
    "DR3+LSST+Euclid": 0.021561182338939753
  },
  "cassini_band_eps0": [
    0.012,
    0.048
  ],
  "cassini_compat_1sig": {
    "DR3": false,
    "DR3+LSST": false,
    "DR3+Euclid": false,
    "DR3+LSST+Euclid": true
  },
  "verdict": "JHEP_FALLBACK",
  "notes": [
    "theta_A (Yip-anchored PH_2 \u221d D^2) is the fiducial model.",
    "theta_B ((1+z)^-3/2) reported as cross-check only.",
    "k_v6 in [0.5, 2] maps \u03b5_0 to |\u03be_\u03c7| via D14/D15 linearisation.",
    "Survey \u03c3(f\u03c3_8) are SRD/DESI target values, not realised."
  ]
}