{
  "fiducial": {
    "eps0": 0.02,
    "alpha": 0.095,
    "gamma": 1.0,
    "k_eff_hMpc": 0.12,
    "b_k_fid": 0.8,
    "prior_sigma_b0": 0.5,
    "prior_sigma_bk": 2.0
  },
  "results": {
    "DR3": {
      "rho_eps_b0": -0.9972676191587715,
      "rho_eps_bk": -0.05706611517149989,
      "sigma_eps_marg": 1.4809969648409809,
      "sigma_eps_fix": 0.06808827380967358,
      "degradation": 21.751131024128995,
      "sn_marg_at_fid": 0.013504416602330756,
      "sn_fix_at_fid": 0.2937363349217192,
      "eps0_sn1_marg": 1.4809969648409809,
      "eps0_sn1_fix": 0.06808827380967358
    },
    "DR3+Euclid": {
      "rho_eps_b0": -0.9976174417422706,
      "rho_eps_bk": -0.056909125974684144,
      "sigma_eps_marg": 1.4772649273865632,
      "sigma_eps_fix": 0.05512549921091208,
      "degradation": 26.79821404853852,
      "sn_marg_at_fid": 0.013538533020872634,
      "sn_fix_at_fid": 0.36280850579655166,
      "eps0_sn1_marg": 1.4772649273865632,
      "eps0_sn1_fix": 0.05512549921091208
    }
  },
  "sweep": {
    "DR3": {
      "eps0": [
        0.005,
        0.006,
        0.007,
        0.008,
        0.009000000000000001,
        0.01,
        0.011,
        0.012,
        0.013000000000000001,
        0.014000000000000002,
        0.015,
        0.016,
        0.017,
        0.018000000000000002,
        0.019,
        0.02,
        0.021,
        0.022000000000000002,
        0.023000000000000003,
        0.024,
        0.025,
        0.026000000000000002,
        0.027,
        0.028,
        0.029,
        0.030000000000000002,
        0.031000000000000003,
        0.032,
        0.033,
        0.034,
        0.034999999999999996,
        0.036,
        0.037,
        0.038,
        0.039,
        0.04,
        0.041,
        0.041999999999999996,
        0.043,
        0.044,
        0.045,
        0.046,
        0.047,
        0.048,
        0.048999999999999995,
        0.05
      ],
      "sn_marg": [
        0.003376104150582689,
        0.004051324980699227,
        0.004726545810815765,
        0.005401766640932303,
        0.00607698747104884,
        0.006752208301165378,
        0.007427429131281915,
        0.008102649961398454,
        0.008777870791514993,
        0.00945309162163153,
        0.010128312451748066,
        0.010803533281864605,
        0.011478754111981142,
        0.01215397494209768,
        0.012829195772214218,
        0.013504416602330756,
        0.014179637432447293,
        0.014854858262563832,
        0.01553007909268037,
        0.016205299922796908,
        0.016880520752913446,
        0.017555741583029985,
        0.01823096241314652,
        0.01890618324326306,
        0.019581404073379598,
        0.020256624903496133,
        0.02093184573361267,
        0.02160706656372921,
        0.02228228739384575,
        0.022957508223962284,
        0.02363272905407882,
        0.024307949884195358,
        0.024983170714311897,
        0.025658391544428436,
        0.026333612374544974,
        0.027008833204661513,
        0.027684054034778048,
        0.028359274864894583,
        0.029034495695011122,
        0.02970971652512766,
        0.0303849373552442,
        0.031060158185360738,
        0.03173537901547727,
        0.032410599845593815,
        0.03308582067571035,
        0.03376104150582689
      ],
      "sn_fix": [
        0.0734340837304298,
        0.08812090047651576,
        0.10280771722260172,
        0.11749453396868767,
        0.13218135071477366,
        0.1468681674608596,
        0.16155498420694553,
        0.17624180095303152,
        0.19092861769911748,
        0.20561543444520344,
        0.22030225119128938,
        0.23498906793737534,
        0.24967588468346133,
        0.2643627014295473,
        0.2790495181756332,
        0.2937363349217192,
        0.30842315166780515,
        0.3231099684138911,
        0.33779678515997713,
        0.35248360190606304,
        0.367170418652149,
        0.38185723539823496,
        0.39654405214432087,
        0.4112308688904069,
        0.42591768563649285,
        0.4406045023825788,
        0.4552913191286648,
        0.4699781358747507,
        0.4846649526208367,
        0.49935176936692266,
        0.5140385861130086,
        0.5287254028590945,
        0.5434122196051805,
        0.5580990363512665,
        0.5727858530973524,
        0.5874726698434384,
        0.6021594865895243,
        0.6168463033356102,
        0.6315331200816962,
        0.6462199368277821,
        0.6609067535738682,
        0.6755935703199542,
        0.6902803870660401,
        0.7049672038121261,
        0.7196540205582119,
        0.734340837304298
      ]
    },
    "DR3+Euclid": {
      "eps0": [
        0.005,
        0.006,
        0.007,
        0.008,
        0.009000000000000001,
        0.01,
        0.011,
        0.012,
        0.013000000000000001,
        0.014000000000000002,
        0.015,
        0.016,
        0.017,
        0.018000000000000002,
        0.019,
        0.02,
        0.021,
        0.022000000000000002,
        0.023000000000000003,
        0.024,
        0.025,
        0.026000000000000002,
        0.027,
        0.028,
        0.029,
        0.030000000000000002,
        0.031000000000000003,
        0.032,
        0.033,
        0.034,
        0.034999999999999996,
        0.036,
        0.037,
        0.038,
        0.039,
        0.04,
        0.041,
        0.041999999999999996,
        0.043,
        0.044,
        0.045,
        0.046,
        0.047,
        0.048,
        0.048999999999999995,
        0.05
      ],
      "sn_marg": [
        0.0033846332552181584,
        0.004061559906261791,
        0.0047384865573054215,
        0.005415413208349053,
        0.006092339859392686,
        0.006769266510436317,
        0.007446193161479949,
        0.008123119812523581,
        0.008800046463567213,
        0.009476973114610845,
        0.010153899765654475,
        0.010830826416698107,
        0.01150775306774174,
        0.012184679718785372,
        0.012861606369829002,
        0.013538533020872634,
        0.014215459671916267,
        0.014892386322959899,
        0.01556931297400353,
        0.016246239625047162,
        0.016923166276090792,
        0.017600092927134426,
        0.018277019578178056,
        0.018953946229221686,
        0.01963087288026532,
        0.020307799531308953,
        0.020984726182352583,
        0.021661652833396213,
        0.022338579484439847,
        0.02301550613548348,
        0.023692432786527107,
        0.02436935943757074,
        0.02504628608861437,
        0.025723212739658004,
        0.026400139390701637,
        0.027077066041745267,
        0.0277539926927889,
        0.028430919343832527,
        0.02910784599487616,
        0.029784772645919794,
        0.030461699296963424,
        0.031138625948007058,
        0.03181555259905069,
        0.032492479250094325,
        0.03316940590113795,
        0.033846332552181585
      ],