{
  "A_numerical": 1.4784233307572023,
  "A_analytic": 1.58,
  "B_numerical": 8.211626063960905,
  "B_numerical_sigma": 0.49007103086595627,
  "B_analytic": 7.2977074025568704,
  "ratio": 1.1252336673684433,
  "band_half_D7": 0.008757248883068244,
  "band_half_D9": 0.009853951276753085,
  "verdict": "HOLDS"
}