{
  "xi_peak": 0.2,
  "alpha_fit": 2.115263044880099,
  "alpha_err": 0.014606949445732957,
  "xi_c_fit": 6.524527755369395,
  "alpha_gkf": 0.4320418202706641,
  "alpha_gkf_err": 0.0810977079972022,
  "ALPHA_V5_range": [
    0.0,
    0.1
  ],
  "ALPHA_FID": 0.095,
  "verdict": "\u03b1-DIFFERENT",
  "N_grid": 256,
  "N_realisations": 10
}