{
  "LCDM": {
    "display_name": "\u039bCDM",
    "log_Z": -33.07464136947778,
    "se_log_Z": 0.0011641484092749918,
    "n_iter": 4,
    "n1_eff": 10000,
    "n2_eff": 20000,
    "div_rate_pct": 0.0,
    "note": "OK",
    "n_params": 3
  },
  "ECI_NMC_Cassini": {
    "display_name": "ECI-NMC (Cassini)",
    "log_Z": -32.148044263805936,
    "se_log_Z": 0.00657695059010974,
    "n_iter": 12,
    "n1_eff": 10000,
    "n2_eff": 18310,
    "div_rate_pct": 65.39999842643738,
    "note": "OK",
    "n_params": 5
  },
  "Wolf_NMC_free": {
    "display_name": "Wolf-NMC (free \u03be)",
    "log_Z": -32.27870795900468,
    "se_log_Z": 0.015187796580050447,
    "n_iter": 24,
    "n1_eff": 10000,
    "n2_eff": 18578,
    "div_rate_pct": 38.72999846935272,
    "note": "OK",
    "n_params": 5
  },
  "Karam_Palatini": {
    "display_name": "Karam-Palatini",
    "log_Z": -31.90964013386325,
    "se_log_Z": 0.012825145410312043,
    "n_iter": 25,
    "n1_eff": 10000,
    "n2_eff": 15274,
    "div_rate_pct": 74.95999932289124,
    "note": "OK",
    "n_params": 6
  },
  "DESI_w0wa": {
    "display_name": "DESI w\u2080w\u2090",
    "log_Z": -33.73231823549157,
    "se_log_Z": 0.00457487618173404,
    "n_iter": 7,
    "n1_eff": 10000,
    "n2_eff": 18269,
    "div_rate_pct": 45.02999782562256,
    "note": "OK",
    "n_params": 5
  }
}