{
  "tau_star": {
    "re": -0.1897,
    "im": 1.0034
  },
  "targets_AHS": {
    "yt_GUT": 0.4454,
    "yc_yt_GUT": 0.002725,
    "yu_yc_GUT": 0.00205
  },
  "fit": {
    "beta_over_alpha": 152.42427392001036,
    "gamma_over_alpha": 305.3833382100961,
    "alpha_u_overall": 1.8895795003063765e-06,
    "chi2_up": 6.66470341155435e-20
  },
  "singular_values_GUT": {
    "y_u": 2.4881157499964477e-06,
    "y_c": 0.0012137149999880896,
    "y_t": 0.4454,
    "mc_mt": 0.002724999999973259,
    "mu_mc": 0.0020500000000171904,
    "mc_mt_pct_vs_target": -9.813282958917972e-10,
    "mu_mc_pct_vs_target": 8.385484041557156e-10
  },
  "M_u_alpha1": {
    "re": [
      [
        1.835907611328431,
        2.0398647167295465,
        -0.8071956494039035
      ],
      [
        1538.822187962299,
        -955.6420150822778,
        1700.6494472006243
      ],
      [
        163426.18038759544,
        -63759.20242446711,
        153523.91520431344
      ]
    ],
    "im": [
      [
        0.07307492203081578,
        -0.22991383526938047,
        -0.15674777376092416
      ],
      [
        122.69435115890538,
        160.37772590945914,
        -180.2344030491556
      ],
      [
        -34539.663953866235,
        663.6855077929165,
        4335.496363351253
      ]
    ]
  },
  "U_L": {
    "re": [
      [
        0.2009062602108904,
        0.0038017716326145517,
        -1.0050705533393156e-06
      ],
      [
        0.00357531619756892,
        -0.3604969261200385,
        -0.010119444597100093
      ],
      [
        -3.880274784384685e-05,
        0.0032100093511610215,
        -0.9783408183532355
      ]
    ],
    "im": [
      [
        0.9796025335628701,
        -0.0010475569875073748,
        -1.0400599557514187e-06
      ],
      [
        0.0016631919686156751,
        0.9326957770045686,
        0.0016129362840280196
      ],
      [
        -1.5690449743366308e-05,
        -0.009731331492864134,
        0.20674679784562408
      ]
    ]
  },
  "U_R": {
    "re": [
      [
        0.2633956273058362,
        0.6545321993443989,
        -0.7086680065711651
      ],
      [
        -0.3810631289908378,
        0.4405458089258182,
        0.2652596894193632
      ],
      [
        -0.42551664337390227,
        -0.5146384009749336,
        -0.6334794621812364
      ]
    ],
    "im": [
      [
        -0.0,
        -0.0,
        -0.0
      ],
      [
        0.6894168165792014,
        -0.33500016688311396,
        -0.053168791004099165
      ],
      [
        0.35924041319078287,
        0.02071701449364588,
        0.15265583608014355
      ]
    ]
  },
  "unitarity": {
    "UL_resid": 4.571731185152504e-16,
    "UR_resid": 2.220446049250313e-16,
    "reconstruction_resid": 6.929611372564286e-11
  },
  "verdict": "M2 BINARY GATE PASS",
  "n_pass": 5,
  "gates": {
    "A_chi2_lt_1": true,
    "B_dyc_yt_lt_1pct": true,
    "C_UL_unitary": true,
    "D_UR_unitary": true,
    "E_reconstruction": true
  }
}