{
  "metadata": {
    "chain_prefix": "/root/crossed-cosmos/mcmc/chains/eci_levier1B_run1/snapshot_2026_05_03_FINAL/eci_levier1B",
    "n_chains": 4,
    "burnin_frac": 0.3,
    "n_total_postburnin": 48360,
    "kids_s8_mean": 0.766,
    "kids_s8_sigma": 0.02,
    "wolf2025_log_B": 7.34,
    "wolf2025_log_B_err": 0.6
  },
  "savage_dickey": {
    "wide_prior": {
      "xi_prior_lo": -0.1,
      "xi_prior_hi": 0.1,
      "log_B_original": -1.3688460738145913,
      "log_B_reweighted": -1.4218754786395513,
      "posterior0_original": 19.65406105148123,
      "posterior0_reweighted": 20.7244340090624,
      "bw_original": 0.001706909569612957,
      "bw_reweighted": 0.0017205338721236192
    },
    "yaml_prior": {
      "xi_prior_lo": -0.024,
      "xi_prior_hi": 0.024,
      "log_B_original": 0.05827028182555427,
      "log_B_reweighted": 0.005240877000594407
    }
  },
  "ess": {
    "original": 46410.70323665406,
    "reweighted": 15138.456953605393,
    "retention_ratio": 0.32618460608994615
  },
  "comparison": {
    "delta_original_vs_wolf": 8.708846073814591,
    "delta_reweighted_vs_wolf": 8.761875478639551,
    "gap_closure_fraction": -0.0060891425081454195,
    "verdict": "KiDS IS NOT THE DRIVER: removing it changes log B by less than 30% of the gap."
  },
  "posterior_xi_chi": {
    "original_mean": -2.623312791463097e-05,
    "reweighted_mean": 0.00021715266107511958,
    "original_std": 0.01392521490909988,
    "reweighted_std": 0.014036363937627841
  },
  "posterior_S8": {
    "original_mean": 0.8115980844240271,
    "reweighted_mean": 0.8201930555298258,
    "original_std": 0.008182556408754453,
    "reweighted_std": 0.008252600791931028
  }
}