{
  "first 25k": {
    "A": -0.36662651084878795,
    "L": 19544.30182060758,
    "C": -1.3159706137707867,
    "nu": 1.0648675279997577,
    "phi": 0.9683085954563584,
    "chi2": 1593.696752302235,
    "dof": 55,
    "success": true,
    "window": "first 25k",
    "n": 25000,
    "T_mean": 11737.368208816946,
    "L_init": 7.532655828828327
  },
  "middle 50k": {
    "A": -0.23070622002605887,
    "L": 6.0294347608776215,
    "C": -2.6842919315866673,
    "nu": 0.7665820682081734,
    "phi": 1.3794997167145626,
    "chi2": 3169.73278866769,
    "dof": 55,
    "success": true,
    "window": "middle 50k",
    "n": 50000,
    "T_mean": 40277.790993655755,
    "L_init": 8.765678437649598
  },
  "last 25k": {
    "A": 5.716197786010364,
    "L": 9.728351950484132,
    "C": -11.27486086058431,
    "nu": 0.6731331282362502,
    "phi": 2.9060617416362304,
    "chi2": 1177.255197017994,
    "dof": 55,
    "success": true,
    "window": "last 25k",
    "n": 25000,
    "T_mean": 66481.8596083592,
    "L_init": 9.266807335177006
  },
  "full 100k": {
    "A": 11.992043924139592,
    "L": 9.10502834213863,
    "C": -23.262481361721953,
    "nu": 0.7009912204283578,
    "phi": 3.0113236341040475,
    "chi2": 6656.642583212074,
    "dof": 55,
    "success": true,
    "window": "full 100k",
    "n": 100000,
    "T_mean": 39693.702451121906,
    "L_init": 8.751070759247899
  }
}