{
  "Y_B_planck_2018": 8.72e-11,
  "Y_B_king_csd3_A2_benchmark": 8.6e-11,
  "a14_n_value": 3.449489742783178,
  "csd3_n_value": 3.0,
  "ratio_n_eci_over_n3_at_fixed_b_sin_eta": 1.4999999999999998,
  "Y_B_eci_at_king_a_b_eta": 2.8509771985908146e-10,
  "Y_B_eci_calibrated_b2_sin_eta": 0.0018247759878221954,
  "viable_count_in_planck_window": 7,
  "viable_total_scanned": 512,
  "viable_examples": [
    {
      "a": 0.008,
      "b": 0.06,
      "eta_phase": 2.6179938779914944,
      "Y_B": 8.750640000156062e-11
    },
    {
      "a": 0.009000000000000001,
      "b": 0.06857142857142857,
      "eta_phase": 2.6179938779914944,
      "Y_B": 8.727564617623905e-11
    },
    {
      "a": 0.01,
      "b": 0.07714285714285714,
      "eta_phase": 2.6179938779914944,
      "Y_B": 8.692785489439716e-11
    }
  ],
  "M1_GeV": 50500000000.0,
  "M2_GeV": 50700000000000.0,
  "a_king_A2": 0.00806,
  "b_king_A2": 0.083,
  "eta_phase_assumed_rad": 2.0943951023931953
}