{
  "n": 18,
  "min_s": 2.1443453039973974,
  "median_s": 2.1573830666020513,
  "mean_s": 2.1578949368300124,
  "p95_s": 2.1785043519455938,
  "max_s": 2.1835826591122895,
  "std_s": 0.011553421462370848,
  "omp_threads": 4,
  "cpu": "i5-14600KF",
  "compile": "-O3 -march=native -mavx2 -mtune=native -flto",
  "likelihoods": [
    "planck_2018_lowl.TT",
    "planck_2018_lowl.EE",
    "planck_2018_highl_plik.TTTEEE_lite",
    "bao.desi_dr2.desi_bao_all",
    "sn.pantheonplus"
  ]
}