{
  "n": 98,
  "min_s": 3.000494487117976,
  "median_s": 3.040460751974024,
  "mean_s": 3.0420870301527523,
  "p95_s": 3.071752451104112,
  "max_s": 3.0808765590190887,
  "std_s": 0.018706916205439815,
  "omp_threads": 2,
  "cpu": "i5-14600KF",
  "compile": "-O3 -march=native -mavx2 -mtune=native -flto",
  "likelihoods": [
    "planck_2018_lowl.TT",
    "planck_2018_lowl.EE",
    "planck_2018_highl_plik.TTTEEE_lite",
    "bao.desi_dr2.desi_bao_all",
    "sn.pantheonplus"
  ]
}