{
  "n": 18,
  "min_s": 4.674293461954221,
  "median_s": 4.716827464639209,
  "mean_s": 4.7127801251287265,
  "p95_s": 4.748556663526688,
  "max_s": 4.753293189918622,
  "std_s": 0.023421500233457064,
  "omp_threads": 1,
  "cpu": "i5-14600KF",
  "compile": "-O3 -march=native -mavx2 -mtune=native -flto",
  "likelihoods": [
    "planck_2018_lowl.TT",
    "planck_2018_lowl.EE",
    "planck_2018_highl_plik.TTTEEE_lite",
    "bao.desi_dr2.desi_bao_all",
    "sn.pantheonplus"
  ]
}