{
  "N_values": [
    12,
    16,
    20
  ],
  "N_samples": 20000,
  "per_N": {
    "12": {
      "N_R": 8,
      "sigma_cg": 1.2,
      "x_probe": 4.0,
      "rms": 0.033905703674525216,
      "abs_skew": 0.028316217007314265,
      "abs_kurt": 0.3966675313600283,
      "ks": 0.01238381907907582
    },
    "16": {
      "N_R": 10,
      "sigma_cg": 1.5,
      "x_probe": 5.0,
      "rms": 0.030158110805278616,
      "abs_skew": 0.020765938657594837,
      "abs_kurt": 0.33489424587237115,
      "ks": 0.011695299143424376
    },
    "20": {
      "N_R": 13,
      "sigma_cg": 1.95,
      "x_probe": 6.5,
      "rms": 0.026429805632302617,
      "abs_skew": 0.0035945589302621315,
      "abs_kurt": 0.2514971240343171,
      "ks": 0.008326790234144732
    }
  },
  "alpha_skew": 3.9007605192560946,
  "alpha_kurt": 0.8776964929145005,
  "alpha_ks": 0.7497226601679703,
  "verdict": "PASS"
}