{
  "verdict": "PASS",
  "r_hat": {
    "H0": 0.9990785121917725,
    "log10As_e10": 1.0010586977005005,
    "n_s": 0.9993047118186951,
    "omega_b": 0.9992006421089172,
    "omega_c": 1.0003440380096436,
    "tau_reio": 1.0007487535476685
  },
  "r_hat_max": 1.0010586977005005,
  "ess": {
    "H0": 1635.527196721668,
    "log10As_e10": 1809.0837344493236,
    "n_s": 1697.6582510486332,
    "omega_b": 1898.6020348899672,
    "omega_c": 2051.016083634156,
    "tau_reio": 1635.4431299553135
  },
  "ess_min": 1635.4431299553135,
  "pass_rhat": true,
  "pass_ess": true,
  "posteriors": {
    "H0": {
      "median": 67.64878845214844,
      "mean": 67.6507797241211,
      "std": 0.3445397913455963,
      "p16": 67.2895736694336,
      "p84": 67.99125671386719
    },
    "log10As_e10": {
      "median": 2.700252056121826,
      "mean": 2.7003610134124756,
      "std": 0.00036040658596903086,
      "p16": 2.700061559677124,
      "p84": 2.700662612915039
    },
    "n_s": {
      "median": 0.9935430288314819,
      "mean": 0.9935304522514343,
      "std": 0.004674543626606464,
      "p16": 0.9889135360717773,
      "p84": 0.9982080459594727
    },
    "omega_b": {
      "median": 0.022787418216466904,
      "mean": 0.022785799577832222,
      "std": 0.00014095175720285624,
      "p16": 0.022649558261036873,
      "p84": 0.022929305210709572
    },
    "omega_c": {
      "median": 0.11865953356027603,
      "mean": 0.11865967512130737,
      "std": 0.00016230645996984094,
      "p16": 0.11849939078092575,
      "p84": 0.11881478130817413
    },
    "tau_reio": {
      "median": 0.054323531687259674,
      "mean": 0.05418084189295769,
      "std": 0.007015126757323742,
      "p16": 0.047063376754522324,
      "p84": 0.06114307418465614
    }
  },
  "run_config": {
    "n_chains": 4,
    "n_warmup": 500,
    "n_samples": 500,
    "chain_method": "parallel",
    "elapsed_sec": 150.17123308099872
  },
  "meta": {
    "model": "lcdm_model",
    "jax_version": "0.10.0",
    "jax_devices": [
      "cuda:0"
    ],
    "data": "synthetic",
    "_note": "Smoke test uses synthetic SNe data and hardcoded DESI DR2 Table 1 values. [TBD: rerun with real data before production use]"
  }
}