{
  "verdict": "PASS",
  "r_hat": {
    "H0": 1.0006645917892456,
    "log10As_e10": 0.9992600679397583,
    "n_s": 0.999735414981842,
    "omega_b": 1.0018349885940552,
    "omega_c": 1.0002866983413696,
    "tau_reio": 0.9994598627090454
  },
  "r_hat_max": 1.0018349885940552,
  "ess": {
    "H0": 1120.6734475817234,
    "log10As_e10": 1535.474268637995,
    "n_s": 2103.2417972744242,
    "omega_b": 2049.783339769111,
    "omega_c": 1530.9461985107175,
    "tau_reio": 1301.4551736316405
  },
  "ess_min": 1120.6734475817234,
  "pass_rhat": true,
  "pass_ess": true,
  "posteriors": {
    "H0": {
      "median": 71.21675872802734,
      "mean": 71.21635437011719,
      "std": 0.12657152116298676,
      "p16": 71.08686828613281,
      "p84": 71.34614562988281
    },
    "log10As_e10": {
      "median": 3.4999771118164062,
      "mean": 3.4999680519104004,
      "std": 3.197823389200494e-05,
      "p16": 3.4999427795410156,
      "p84": 3.4999938011169434
    },
    "n_s": {
      "median": 0.9000550508499146,
      "mean": 0.9000808000564575,
      "std": 8.168256317730993e-05,
      "p16": 0.9000152945518494,
      "p84": 0.900143563747406
    },
    "omega_b": {
      "median": 0.019094910472631454,
      "mean": 0.019091138616204262,
      "std": 0.00013312764349393547,
      "p16": 0.018956560641527176,
      "p84": 0.019223535433411598
    },
    "omega_c": {
      "median": 0.14580222964286804,
      "mean": 0.14580166339874268,
      "std": 0.00020388241682667285,
      "p16": 0.14559310674667358,
      "p84": 0.14599579572677612
    },
    "tau_reio": {
      "median": 0.05410808324813843,
      "mean": 0.05401202291250229,
      "std": 0.0071098776534199715,
      "p16": 0.04678090661764145,
      "p84": 0.06089964881539345
    }
  },
  "run_config": {
    "n_chains": 4,
    "n_warmup": 500,
    "n_samples": 500,
    "chain_method": "parallel",
    "elapsed_sec": 142.71927047200006
  },
  "meta": {
    "model": "lcdm_model",
    "jax_version": "0.10.0",
    "jax_devices": [
      "cuda:0"
    ],
    "data": "synthetic",
    "_note": "Smoke test uses synthetic SNe data and hardcoded DESI DR2 Table 1 values. [TBD: rerun with real data before production use]"
  }
}